<?xml version="1.0" encoding="utf-8"?>
<selector
  xmlns:android="http://schemas.android.com/apk/res/android">
    <item android:state_pressed="true">
        <shape
          xmlns:android="http://schemas.android.com/apk/res/android">
            <solid android:color="@color/button_background_pressed" />
            <stroke android:width="1.0dip" android:color="@color/button_edge" />
            <corners android:radius="4.0dip" />
        </shape>
    </item>
    <item>
        <shape
          xmlns:android="http://schemas.android.com/apk/res/android">
            <solid android:color="@color/button_background_normal" />
            <stroke android:width="1.0dip" android:color="@color/button_edge" />
            <corners android:radius="4.0dip" />
        </shape>
    </item>
</selector>