<?xml version="1.0" encoding="utf-8"?>
<resources>
    <color name="notification_action_color_filter">#ffffffff</color>
    <color name="abc_input_method_navigation_guard">@android:color/black</color>
    <color name="abc_search_url_text_normal">#ff7fa87f</color>
    <color name="abc_search_url_text_pressed">@android:color/black</color>
    <color name="abc_search_url_text_selected">@android:color/black</color>
    <color name="accent_material_dark">@color/material_deep_teal_200</color>
    <color name="accent_material_light">@color/material_deep_teal_500</color>
    <color name="amount_num_color">#ffff7718</color>
    <color name="background_floating_material_dark">@color/material_grey_800</color>
    <color name="background_floating_material_light">@android:color/white</color>
    <color name="background_material_dark">@color/material_grey_850</color>
    <color name="background_material_light">@color/material_grey_50</color>
    <color name="bright_foreground_disabled_material_dark">#80ffffff</color>
    <color name="bright_foreground_disabled_material_light">#80000000</color>
    <color name="bright_foreground_inverse_material_dark">@color/bright_foreground_material_light</color>
    <color name="bright_foreground_inverse_material_light">@color/bright_foreground_material_dark</color>
    <color name="bright_foreground_material_dark">@android:color/white</color>
    <color name="bright_foreground_material_light">@android:color/black</color>
    <color name="brn_edge">#ffd6d6d6</color>
    <color name="btn_background">#fff5f5f5</color>
    <color name="button_background_consume_normal">#ff0ba13f</color>
    <color name="button_background_consume_pressed">#ff055c1e</color>
    <color name="button_background_normal">#fff5f5f5</color>
    <color name="button_background_pressed">#ffbababa</color>
    <color name="button_background_prod_test_normal">#ffe24c07</color>
    <color name="button_background_prod_test_pressed">#ff9b3405</color>
    <color name="button_background_scanner_normal">#ff0c56c4</color>
    <color name="button_background_scanner_pressed">#ff083a83</color>
    <color name="button_background_settings_normal">#ff98b409</color>
    <color name="button_background_settings_pressed">#ff536305</color>
    <color name="button_background_sys_info_normal">#ffcf8989</color>
    <color name="button_background_sys_info_pressed">#ff8b5b5b</color>
    <color name="button_background_sys_settings_normal">#ffd15a5a</color>
    <color name="button_background_sys_settings_pressed">#ff964040</color>
    <color name="button_edge">#ffd6d6d6</color>
    <color name="button_material_dark">#ff5a595b</color>
    <color name="button_material_light">#ffd6d7d7</color>
    <color name="colorAccent">#ffff4081</color>
    <color name="colorPrimary">#ff3f51b5</color>
    <color name="colorPrimaryDark">#ff303f9f</color>
    <color name="consume_sucess">#ffff7718</color>
    <color name="dim_foreground_disabled_material_dark">#80bebebe</color>
    <color name="dim_foreground_disabled_material_light">#80323232</color>
    <color name="dim_foreground_material_dark">#ffbebebe</color>
    <color name="dim_foreground_material_light">#ff323232</color>
    <color name="flow_background">#fff5f5f5</color>
    <color name="flow_background_edg">#ffd6d6d6</color>
    <color name="foreground_material_dark">@android:color/white</color>
    <color name="foreground_material_light">@android:color/black</color>
    <color name="highlighted_text_material_dark">#6680cbc4</color>
    <color name="highlighted_text_material_light">#66009688</color>
    <color name="home_page_background">#ff595959</color>
    <color name="home_page_text_color">#fff5f5f5</color>
    <color name="home_page_view_bundle">#ff484848</color>
    <color name="material_blue_grey_800">#ff37474f</color>
    <color name="material_blue_grey_900">#ff263238</color>
    <color name="material_blue_grey_950">#ff21272b</color>
    <color name="material_deep_teal_200">#ff80cbc4</color>
    <color name="material_deep_teal_500">#ff009688</color>
    <color name="material_grey_100">#fff5f5f5</color>
    <color name="material_grey_300">#ffe0e0e0</color>
    <color name="material_grey_50">#fffafafa</color>
    <color name="material_grey_600">#ff757575</color>
    <color name="material_grey_800">#ff424242</color>
    <color name="material_grey_850">#ff303030</color>
    <color name="material_grey_900">#ff212121</color>
    <color name="notification_icon_bg_color">#ff9e9e9e</color>
    <color name="notification_material_background_media_default_color">#ff424242</color>
    <color name="primary_dark_material_dark">@android:color/black</color>
    <color name="primary_dark_material_light">@color/material_grey_600</color>
    <color name="primary_material_dark">@color/material_grey_900</color>
    <color name="primary_material_light">@color/material_grey_100</color>
    <color name="primary_text_default_material_dark">#ffffffff</color>
    <color name="primary_text_default_material_light">#de000000</color>
    <color name="primary_text_disabled_material_dark">#4dffffff</color>
    <color name="primary_text_disabled_material_light">#39000000</color>
    <color name="qr_code_finder_frame">#ffffffff</color>
    <color name="qr_code_finder_laser">#ffef8394</color>
    <color name="qr_code_finder_mask">#80000000</color>
    <color name="qr_code_flash_light_text_color">#66ffffff</color>
    <color name="qr_code_flashlight_bg">#66000000</color>
    <color name="qr_code_white">#ffffffff</color>
    <color name="ripple_material_dark">#33ffffff</color>
    <color name="ripple_material_light">#1f000000</color>
    <color name="secondary_text_default_material_dark">#b3ffffff</color>
    <color name="secondary_text_default_material_light">#8a000000</color>
    <color name="secondary_text_disabled_material_dark">#36ffffff</color>
    <color name="secondary_text_disabled_material_light">#24000000</color>
    <color name="switch_thumb_disabled_material_dark">#ff616161</color>
    <color name="switch_thumb_disabled_material_light">#ffbdbdbd</color>
    <color name="switch_thumb_normal_material_dark">#ffbdbdbd</color>
    <color name="switch_thumb_normal_material_light">#fff1f1f1</color>
</resources>
