<?xml version="1.0" encoding="utf-8"?>
<resources>
    <item type="id" name="action_bar_activity_content" />
    <item type="id" name="action_bar_spinner" />
    <item type="id" name="action_menu_divider" />
    <item type="id" name="action_menu_presenter" />
    <item type="id" name="auto_focus" />
    <item type="id" name="decode" />
    <item type="id" name="decode_failed" />
    <item type="id" name="decode_succeeded" />
    <item type="id" name="encode_failed" />
    <item type="id" name="encode_succeeded" />
    <item type="id" name="home" />
    <item type="id" name="progress_circular" />
    <item type="id" name="progress_horizontal" />
    <item type="id" name="quit" />
    <item type="id" name="restart_preview" />
    <item type="id" name="split_action_bar" />
    <item type="id" name="up" />
    <item type="id" name="action_bar_title" />
    <item type="id" name="action_bar_subtitle" />
    <item type="id" name="action_mode_close_button" />
    <item type="id" name="activity_chooser_view_content" />
    <item type="id" name="expand_activities_button" />
    <item type="id" name="image" />
    <item type="id" name="default_activity_button" />
    <item type="id" name="list_item" />
    <item type="id" name="icon" />
    <item type="id" name="title" />
    <item type="id" name="buttonPanel" />
    <item type="id" name="spacer" />
    <item type="id" name="parentPanel" />
    <item type="id" name="contentPanel" />
    <item type="id" name="scrollIndicatorUp" />
    <item type="id" name="scrollView" />
    <item type="id" name="textSpacerNoTitle" />
    <item type="id" name="textSpacerNoButtons" />
    <item type="id" name="scrollIndicatorDown" />
    <item type="id" name="customPanel" />
    <item type="id" name="custom" />
    <item type="id" name="topPanel" />
    <item type="id" name="title_template" />
    <item type="id" name="alertTitle" />
    <item type="id" name="titleDividerNoCustom" />
    <item type="id" name="expanded_menu" />
    <item type="id" name="checkbox" />
    <item type="id" name="shortcut" />
    <item type="id" name="radio" />
    <item type="id" name="submenuarrow" />
    <item type="id" name="action_bar_root" />
    <item type="id" name="action_mode_bar_stub" />
    <item type="id" name="action_mode_bar" />
    <item type="id" name="decor_content_parent" />
    <item type="id" name="action_bar_container" />
    <item type="id" name="action_bar" />
    <item type="id" name="action_context_bar" />
    <item type="id" name="edit_query" />
    <item type="id" name="search_bar" />
    <item type="id" name="search_badge" />
    <item type="id" name="search_button" />
    <item type="id" name="search_edit_frame" />
    <item type="id" name="search_mag_icon" />
    <item type="id" name="search_plate" />
    <item type="id" name="search_src_text" />
    <item type="id" name="search_close_btn" />
    <item type="id" name="submit_area" />
    <item type="id" name="search_go_btn" />
    <item type="id" name="search_voice_btn" />
    <item type="id" name="select_dialog_listview" />
    <item type="id" name="activity_amount_input" />
    <item type="id" name="amount_input_tip" />
    <item type="id" name="edit_amount" />
    <item type="id" name="confirm_button" />
    <item type="id" name="btn_1" />
    <item type="id" name="btn_2" />
    <item type="id" name="btn_3" />
    <item type="id" name="btn_4" />
    <item type="id" name="btn_5" />
    <item type="id" name="btn_6" />
    <item type="id" name="btn_7" />
    <item type="id" name="btn_8" />
    <item type="id" name="btn_9" />
    <item type="id" name="btn_clear" />
    <item type="id" name="btn_0" />
    <item type="id" name="btn_back" />
    <item type="id" name="btn_cancle" />
    <item type="id" name="btn_search_card" />
    <item type="id" name="activity_card_confirm" />
    <item type="id" name="image_result" />
    <item type="id" name="card_num" />
    <item type="id" name="btn_ok" />
    <item type="id" name="activity_communication_setting" />
    <item type="id" name="commu_para_cancle" />
    <item type="id" name="commu_para_save" />
    <item type="id" name="host_ip_1_tip" />
    <item type="id" name="host_ip_1" />
    <item type="id" name="host_port_1_tip" />
    <item type="id" name="host_port_1" />
    <item type="id" name="host_ip_2_tip" />
    <item type="id" name="host_ip_2" />
    <item type="id" name="host_port_2_tip" />
    <item type="id" name="host_port_2" />
    <item type="id" name="tpdu_tip" />
    <item type="id" name="tpdu_value" />
    <item type="id" name="activity_consume_result" />
    <item type="id" name="consume_sucess_text" />
    <item type="id" name="amount_tip" />
    <item type="id" name="consume_amount" />
    <item type="id" name="consume_type" />
    <item type="id" name="consume_cardnum" />
    <item type="id" name="consume_venchor_num" />
    <item type="id" name="consume_reference_num" />
    <item type="id" name="operator_num" />
    <item type="id" name="consume_time" />
    <item type="id" name="pin_layout" />
    <item type="id" name="ksn_value" />
    <item type="id" name="pin_block" />
    <item type="id" name="btn_exit" />
    <item type="id" name="btn_print" />
    <item type="id" name="activity_merchant_setting" />
    <item type="id" name="term_para_cancle" />
    <item type="id" name="term_para_save" />
    <item type="id" name="merchine_id_tip" />
    <item type="id" name="master_key" />
    <item type="id" name="merchine_id_tip1" />
    <item type="id" name="activity_login" />
    <item type="id" name="user_id_layout" />
    <item type="id" name="tip_user_id" />
    <item type="id" name="user_id" />
    <item type="id" name="user_password_layout" />
    <item type="id" name="tip_user_password" />
    <item type="id" name="user_password" />
    <item type="id" name="log_in" />
    <item type="id" name="svn_id" />
    <item type="id" name="merchine_id" />
    <item type="id" name="merchine_name_tip" />
    <item type="id" name="merchine_name" />
    <item type="id" name="term_id_tip" />
    <item type="id" name="term_id" />
    <item type="id" name="activity_online_init" />
    <item type="id" name="btn_online_init_cancle" />
    <item type="id" name="btn_online_init_ok" />
    <item type="id" name="secure_passwork" />
    <item type="id" name="online_init_secure_password_tip" />
    <item type="id" name="online_init_secure_password" />
    <item type="id" name="init_password" />
    <item type="id" name="online_init_init_password_tip" />
    <item type="id" name="online_init_init_password" />
    <item type="id" name="error_info" />
    <item type="id" name="activity_others_setting" />
    <item type="id" name="image_param_trans" />
    <item type="id" name="image_status_upload" />
    <item type="id" name="left_layout" />
    <item type="id" name="image_ic_capk_download" />
    <item type="id" name="image_ic_para_download" />
    <item type="id" name="image_echo_test" />
    <item type="id" name="image_sign_up" />
    <item type="id" name="activity_packet_process" />
    <item type="id" name="rote_image" />
    <item type="id" name="proc_detail" />
    <item type="id" name="proc_status" />
    <item type="id" name="proc_time" />
    <item type="id" name="input_amount_tip" />
    <item type="id" name="pin_num" />
    <item type="id" name="trad_amount" />
    <item type="id" name="qr_code_preview_view" />
    <item type="id" name="qr_code_header_bar" />
    <item type="id" name="qr_code_scan_num" />
    <item type="id" name="scan_menu" />
    <item type="id" name="qr_code_type" />
    <item type="id" name="qr_code_content" />
    <item type="id" name="qr_code_view_finder" />
    <item type="id" name="qr_code_ll_flash_light" />
    <item type="id" name="qr_code_iv_flash_light" />
    <item type="id" name="qr_code_tv_flash_light" />
    <item type="id" name="qr_code_view_background" />
    <item type="id" name="activity_scan_result" />
    <item type="id" name="scan_sucess_text" />
    <item type="id" name="scan_amount" />
    <item type="id" name="scan_type" />
    <item type="id" name="scan_pay_dnum" />
    <item type="id" name="scan_trad_num" />
    <item type="id" name="scan_reference_num" />
    <item type="id" name="scan_time" />
    <item type="id" name="activity_search_card" />
    <item type="id" name="text_time" />
    <item type="id" name="layout_rf" />
    <item type="id" name="rf_image" />
    <item type="id" name="layout_ic" />
    <item type="id" name="ic_image" />
    <item type="id" name="layout_msr" />
    <item type="id" name="mag_image" />
    <item type="id" name="activity_main" />
    <item type="id" name="normal_flow" />
    <item type="id" name="scan_pay_flow" />
    <item type="id" name="app_settings" />
    <item type="id" name="system_settings" />
    <item type="id" name="version_info" />
    <item type="id" name="production_inspection" />
    <item type="id" name="textView" />
    <item type="id" name="activity_settings" />
    <item type="id" name="settings_term_para" />
    <item type="id" name="settings_communication_para" />
    <item type="id" name="settings_trad_manager" />
    <item type="id" name="settings_online_init" />
    <item type="id" name="ic_capk_and_para_download" />
    <item type="id" name="tmk_tpk_tak_trk_download" />
    <item type="id" name="settings_other" />
    <item type="id" name="key_insert" />
    <item type="id" name="app_version" />
    <item type="id" name="activity_show_result" />
    <item type="id" name="result_response" />
    <item type="id" name="result_detail" />
    <item type="id" name="activity_trad_manager" />
    <item type="id" name="trad_para_cancle" />
    <item type="id" name="trad_para_save" />
    <item type="id" name="switch_no_pin" />
    <item type="id" name="max_amount_no_pin" />
    <item type="id" name="switch_no_sign" />
    <item type="id" name="qr_code_fl_scanner" />
    <item type="id" name="action_container" />
    <item type="id" name="action_image" />
    <item type="id" name="action_text" />
    <item type="id" name="action0" />
    <item type="id" name="cancel_action" />
    <item type="id" name="status_bar_latest_event_content" />
    <item type="id" name="media_actions" />
    <item type="id" name="action_divider" />
    <item type="id" name="notification_main_column_container" />
    <item type="id" name="notification_main_column" />
    <item type="id" name="right_side" />
    <item type="id" name="time" />
    <item type="id" name="chronometer" />
    <item type="id" name="info" />
    <item type="id" name="notification_background" />
    <item type="id" name="actions" />
    <item type="id" name="icon_group" />
    <item type="id" name="right_icon" />
    <item type="id" name="line1" />
    <item type="id" name="text2" />
    <item type="id" name="line3" />
    <item type="id" name="text" />
    <item type="id" name="end_padder" />
    <item type="id" name="action_save" />
    <item type="id" name="action_delete" />
</resources>
